"Bundesland / Messnetz";Stationscode;Stationsname;Stationsumgebung;"Art der Station";"Jahresmittelwert in µg/m³";"Zahl der Tageswerte über 50 µg/m3"
Baden-Württemberg;DEBW004;Eggenstein;"ländlich stadtnah";Hintergrund;17;4
Baden-Württemberg;DEBW006;Mannheim-Mitte;"städtisches Gebiet";Hintergrund;21;9
Baden-Württemberg;DEBW009;Heidelberg;"städtisches Gebiet";Hintergrund;18;7
Baden-Württemberg;DEBW010;Wiesloch;"vorstädtisches Gebiet";Hintergrund;17;5
Baden-Württemberg;DEBW013;"Stuttgart-Bad Cannstatt";"städtisches Gebiet";Hintergrund;19;7
Baden-Württemberg;DEBW015;Heilbronn;"städtisches Gebiet";Hintergrund;24;17
Baden-Württemberg;DEBW019;Ulm;"städtisches Gebiet";Hintergrund;19;8
Baden-Württemberg;DEBW023;"Weil am Rhein";"vorstädtisches Gebiet";Hintergrund;17;6
Baden-Württemberg;DEBW024;Ludwigsburg;"vorstädtisches Gebiet";Hintergrund;18;6
Baden-Württemberg;DEBW027;Reutlingen;"städtisches Gebiet";Hintergrund;17;5
Baden-Württemberg;DEBW029;Aalen;"vorstädtisches Gebiet";Hintergrund;17;6
Baden-Württemberg;DEBW031;Schwarzwald-Süd;"ländlich regional";Hintergrund;8;0
Baden-Württemberg;DEBW033;Pforzheim;"städtisches Gebiet";Hintergrund;17;7
Baden-Württemberg;DEBW038;Friedrichshafen;"städtisches Gebiet";Hintergrund;18;9
Baden-Württemberg;DEBW039;Villingen-Schwenningen;"vorstädtisches Gebiet";Hintergrund;14;4
Baden-Württemberg;DEBW042;Bernhausen;"vorstädtisches Gebiet";Hintergrund;19;7
Baden-Württemberg;DEBW046;Biberach;"vorstädtisches Gebiet";Hintergrund;17;7
Baden-Württemberg;DEBW052;Konstanz;"städtisches Gebiet";Hintergrund;19;12
Baden-Württemberg;DEBW056;"Schwäbisch Hall";"vorstädtisches Gebiet";Hintergrund;17;5
Baden-Württemberg;DEBW059;Tauberbischofsheim;"vorstädtisches Gebiet";Hintergrund;15;1
Baden-Württemberg;DEBW073;Neuenburg;"vorstädtisches Gebiet";Hintergrund;18;7
Baden-Württemberg;DEBW076;Baden-Baden;"vorstädtisches Gebiet";Hintergrund;15;3
Baden-Württemberg;DEBW081;Karlsruhe-Nordwest;"städtisches Gebiet";Hintergrund;17;3
Baden-Württemberg;DEBW084;Freiburg;"städtisches Gebiet";Hintergrund;15;4
Baden-Württemberg;DEBW087;"Schwäbische Alb";"ländlich regional";Hintergrund;12;3
Baden-Württemberg;DEBW107;Tübingen;"vorstädtisches Gebiet";Hintergrund;17;7
Baden-Württemberg;DEBW112;Gärtringen;"vorstädtisches Gebiet";Hintergrund;15;4
Baden-Württemberg;DEBW005;Mannheim-Nord;"vorstädtisches Gebiet";Industrie;19;7
Baden-Württemberg;DEBW022;Kehl;"vorstädtisches Gebiet";Industrie;19;6
Baden-Württemberg;DEBW080;"Karlsruhe Reinhold-Frank-Straße";"städtisches Gebiet";Verkehr;22;8
Baden-Württemberg;DEBW098;"Mannheim Friedrichsring";"städtisches Gebiet";Verkehr;26;23
Baden-Württemberg;DEBW099;"Stuttgart Arnulf-Klett-Platz";"städtisches Gebiet";Verkehr;27;15
Baden-Württemberg;DEBW116;"Stuttgart Hohenheimer Straße";"städtisches Gebiet";Verkehr;28;29
Baden-Württemberg;DEBW117;"Ludwigsburg Friedrichstraße";"städtisches Gebiet";Verkehr;28;30
Baden-Württemberg;DEBW118;"Stuttgart Am Neckartor";"städtisches Gebiet";Verkehr;38;78
Baden-Württemberg;DEBW120;"Leonberg Grabenstraße";"städtisches Gebiet";Verkehr;27;31
Baden-Württemberg;DEBW121;"Pleidelsheim Beihinger Straße";"städtisches Gebiet";Verkehr;25;19
Baden-Württemberg;DEBW122;"Freiburg Schwarzwaldstraße";"städtisches Gebiet";Verkehr;22;12
Baden-Württemberg;DEBW125;"Pfinztal Karlsruher Straße";"vorstädtisches Gebiet";Verkehr;21;10
Baden-Württemberg;DEBW128;"Mühlacker Stuttgarter Straße";"vorstädtisches Gebiet";Verkehr;26;20
Baden-Württemberg;DEBW133;"Ilsfeld König-Wilhelm-Straße";"vorstädtisches Gebiet";Verkehr;26;23
Baden-Württemberg;DEBW134;"Stuttgart Waiblinger Straße";"städtisches Gebiet";Verkehr;29;31
Baden-Württemberg;DEBW136;"Tübingen Mühlstraße";"städtisches Gebiet";Verkehr;28;31
Baden-Württemberg;DEBW137;"Tübingen Jesinger Hauptstraße";"ländlich stadtnah";Verkehr;25;25
Baden-Württemberg;DEBW138;"Ulm Zinglerstraße";"städtisches Gebiet";Verkehr;27;27
Baden-Württemberg;DEBW142;"Markgröningen Grabenstraße";"vorstädtisches Gebiet";Verkehr;29;38
Baden-Württemberg;DEBW144;"Walzbachtal Bahnhofstraße";"vorstädtisches Gebiet";Verkehr;22;11
Baden-Württemberg;DEBW147;"Reutlingen Lederstraße-Ost";"städtisches Gebiet";Verkehr;34;61
Baden-Württemberg;DEBW148;"Ingersheim Tiefengasse";"vorstädtisches Gebiet";Verkehr;25;20
Baden-Württemberg;DEBW149;"Urbach Hauptstraße";"vorstädtisches Gebiet";Verkehr;23;12
Baden-Württemberg;DEBW150;"Murg Hauptstraße";"vorstädtisches Gebiet";Verkehr;23;21
Baden-Württemberg;DEBW153;"Ulm Karlstraße";"städtisches Gebiet";Verkehr;27;29
Baden-Württemberg;DEBW156;"Schramberg Oberndorfer Straße";"städtisches Gebiet";Verkehr;23;14
Bayern;DEBY009;Bamberg/Löwenbrücke;"städtisches Gebiet";Hintergrund;19;9
Bayern;DEBY012;"Burghausen/Marktler Straße";"vorstädtisches Gebiet";Hintergrund;21;12
Bayern;DEBY031;"Kempten (Allgäu)/Westendstraße";"vorstädtisches Gebiet";Hintergrund;16;7
Bayern;DEBY032;Kulmbach/Konrad-Adenauer-Straße;"städtisches Gebiet";Hintergrund;18;7
Bayern;DEBY039;München/Lothstraße;"städtisches Gebiet";Hintergrund;18;5
Bayern;DEBY049;"Neustadt a.d. Donau/Eining";"ländlich regional";Hintergrund;17;7
Bayern;DEBY052;Neu-Ulm/Gabelsbergerstraße;"städtisches Gebiet";Hintergrund;21;11
Bayern;DEBY068;Schweinfurt/Obertor;"städtisches Gebiet";Hintergrund;18;7
Bayern;DEBY072;Tiefenbach/Altenschneeberg;"ländlich regional";Hintergrund;13;5
Bayern;DEBY077;Würzburg/Kopfklinik;"vorstädtisches Gebiet";Hintergrund;18;3
Bayern;DEBY088;Trostberg/Schwimmbadstraße;"vorstädtisches Gebiet";Hintergrund;18;8
Bayern;DEBY089;München/Johanneskirchen;"vorstädtisches Gebiet";Hintergrund;16;4
Bayern;DEBY093;Sulzbach-Rosenberg/Lohe;"vorstädtisches Gebiet";Hintergrund;20;8
Bayern;DEBY099;Augsburg/LfU;"vorstädtisches Gebiet";Hintergrund;19;9
Bayern;DEBY109;Andechs/Rothenfeld;"ländlich regional";Hintergrund;14;5
Bayern;DEBY118;Passau/Stelzhamerstraße;"städtisches Gebiet";Hintergrund;22;12
Bayern;DEBY122;"Bad Hindelang/Oberjoch";"ländlich regional";Hintergrund;8;2
Bayern;DEBY001;Ansbach/Residenzstraße;"städtisches Gebiet";Verkehr;23;12
Bayern;DEBY006;Augsburg/Königsplatz;"städtisches Gebiet";Verkehr;27;22
Bayern;DEBY021;Ingolstadt/Rechbergstraße;"städtisches Gebiet";Verkehr;21;12
Bayern;DEBY028;"Kelheim/Regensburger Straße";"städtisches Gebiet";Verkehr;21;11
Bayern;DEBY033;Landshut/Podewilsstraße;"städtisches Gebiet";Verkehr;20;9
Bayern;DEBY035;"Lindau (Bodensee)/Friedrichshafener Straße";"städtisches Gebiet";Verkehr;22;14
Bayern;DEBY037;München/Stachus;"städtisches Gebiet";Verkehr;26;14
Bayern;DEBY056;Fürth/Theresienstraße;"städtisches Gebiet";Verkehr;20;8
Bayern;DEBY063;Regensburg/Rathaus;"städtisches Gebiet";Verkehr;25;18
Bayern;DEBY110;Augsburg/Karlstraße;"städtisches Gebiet";Verkehr;25;21
Bayern;DEBY111;Bayreuth/Hohenzollernring;"städtisches Gebiet";Verkehr;21;14
Bayern;DEBY115;"München/Landshuter Allee";"städtisches Gebiet";Verkehr;29;27
Bayern;DEBY119;"Würzburg/Stadtring Süd";"städtisches Gebiet";Verkehr;26;19
Bayern;DEBY120;Nürnberg/Von-der-Tann-Straße;"städtisches Gebiet";Verkehr;25;17
Bayern;DEBY121;Oberaudorf/Inntal-Autobahn;"ländlich stadtnah";Verkehr;22;14
Berlin;DEBE010;"Berlin Wedding";"städtisches Gebiet";Hintergrund;23;14
Berlin;DEBE032;"Berlin Grunewald (3.5 m)";"ländlich stadtnah";Hintergrund;18;5
Berlin;DEBE034;"Berlin Neukölln";"städtisches Gebiet";Hintergrund;22;15
Berlin;DEBE051;"Berlin Buch";"vorstädtisches Gebiet";Hintergrund;19;6
Berlin;DEBE056;"Berlin Friedrichshagen";"ländlich stadtnah";Hintergrund;18;7
Berlin;DEBE068;"Berlin Mitte";"städtisches Gebiet";Hintergrund;22;14
Berlin;DEBE061;"Berlin Schildhornstraße";"städtisches Gebiet";Verkehr;24;17
Berlin;DEBE063;"Berlin Silbersteinstraße";"städtisches Gebiet";Verkehr;28;31
Berlin;DEBE064;"Berlin Karl-Marx-Straße";"städtisches Gebiet";Verkehr;28;26
Berlin;DEBE065;"Berlin Frankfurter Allee";"städtisches Gebiet";Verkehr;27;22
Berlin;DEBE067;"Berlin Hardenbergplatz";"städtisches Gebiet";Verkehr;25;23
Berlin;DEBE069;"Berlin Mariendorfer Damm";"städtisches Gebiet";Verkehr;29;23
Brandenburg;DEBB007;"Elsterwerda, 1992-2020";"vorstädtisches Gebiet";Hintergrund;21;14
Brandenburg;DEBB021;Potsdam-Zentrum;"städtisches Gebiet";Hintergrund;20;7
Brandenburg;DEBB042;"Frankfurt (Oder), 1997-2014";"vorstädtisches Gebiet";Hintergrund;22;20
Brandenburg;DEBB048;Neuruppin;"vorstädtisches Gebiet";Hintergrund;18;6
Brandenburg;DEBB053;"Hasenholz (Buckow)";"ländlich regional";Hintergrund;17;7
Brandenburg;DEBB055;"Brandenburg a.d. Havel";"vorstädtisches Gebiet";Hintergrund;18;6
Brandenburg;DEBB063;Wittenberge;"vorstädtisches Gebiet";Hintergrund;15;4
Brandenburg;DEBB064;Cottbus;"städtisches Gebiet";Hintergrund;22;19
Brandenburg;DEBB065;"Lütte (Belzig)";"ländlich regional";Hintergrund;15;4
Brandenburg;DEBB066;Spreewald;"ländlich regional";Hintergrund;19;7
Brandenburg;DEBB067;Nauen;"vorstädtisches Gebiet";Hintergrund;18;5
Brandenburg;DEBB075;"Potsdam, Groß Glienicke";"vorstädtisches Gebiet";Hintergrund;17;6
Brandenburg;DEBB082;"Königs Wusterhausen";"vorstädtisches Gebiet";Hintergrund;18;9
Brandenburg;DEBB083;Spremberg;"vorstädtisches Gebiet";Hintergrund;21;16
Brandenburg;DEBB029;"Schwedt (Oder)";"vorstädtisches Gebiet";Industrie;18;9
Brandenburg;DEBB032;Eisenhüttenstadt;"vorstädtisches Gebiet";Industrie;20;21
Brandenburg;DEBB045;"Frankfurt (Oder), Leipziger Str.";"städtisches Gebiet";Verkehr;26;30
Brandenburg;DEBB049;"Brandenburg, Neuendorfer Str.";"städtisches Gebiet";Verkehr;21;10
Brandenburg;DEBB054;"Potsdam, Zeppelinstr.";"städtisches Gebiet";Verkehr;26;20
Brandenburg;DEBB060;"Eberswalde, Breite Straße";"städtisches Gebiet";Verkehr;25;17
Brandenburg;DEBB068;"Bernau, Lohmühlenstr.";"städtisches Gebiet";Verkehr;24;18
Brandenburg;DEBB073;"Potsdam, Großbeerenstr.";"städtisches Gebiet";Verkehr;23;11
Brandenburg;DEBB087;"Cottbus, W.-Külz-Str.";"städtisches Gebiet";Verkehr;24;19
Bremen;DEHB001;Bremen-Mitte;"städtisches Gebiet";Hintergrund;19;2
Bremen;DEHB004;Bremen-Nord;"städtisches Gebiet";Hintergrund;18;1
Bremen;DEHB005;Bremerhaven-Hansastraße;"städtisches Gebiet";Hintergrund;18;1
Bremen;DEHB012;Bremen-Oslebshausen;"städtisches Gebiet";Hintergrund;16;1
Bremen;DEHB013;Bremen-Hasenbüren;"ländlich regional";Industrie;21;8
Bremen;DEHB006;Bremen-Dobben;"städtisches Gebiet";Verkehr;24;13
Bremen;DEHB011;"Bremerhaven-Cherbourger Straße";"städtisches Gebiet";Verkehr;24;8
Hamburg;DEHH008;"Hamburg Sternschanze";"städtisches Gebiet";Hintergrund;21;7
Hamburg;DEHH033;"Hamburg Flughafen Nord";"städtisches Gebiet";Hintergrund;19;4
Hamburg;DEHH059;"Hamburg Wilhelmsburg";"städtisches Gebiet";Hintergrund;20;5
Hamburg;DEHH074;"Hamburg Billstedt";"städtisches Gebiet";Hintergrund;20;5
Hamburg;DEHH079;"Hamburg Altona Elbhang";"städtisches Gebiet";Hintergrund;17;4
Hamburg;DEHH015;"Hamburg Veddel";"städtisches Gebiet";Industrie;20;4
Hamburg;DEHH072;"Hamburg Finkenwerder West";"städtisches Gebiet";Industrie;17;4
Hamburg;DEHH026;"Hamburg Stresemannstraße";"städtisches Gebiet";Verkehr;22;9
Hamburg;DEHH068;"Hamburg Habichtstraße";"städtisches Gebiet";Verkehr;28;11
Hamburg;DEHH070;"Hamburg Max-Brauer-Allee II (Straße)";"städtisches Gebiet";Verkehr;21;6
Hessen;DEHE001;Darmstadt;"städtisches Gebiet";Hintergrund;18;5
Hessen;DEHE005;Frankfurt-Höchst;"städtisches Gebiet";Hintergrund;20;7
Hessen;DEHE008;"Frankfurt Ost";"städtisches Gebiet";Hintergrund;22;11
Hessen;DEHE009;Frankfurt-Sindlingen;"städtisches Gebiet";Hintergrund;20;8
Hessen;DEHE011;Hanau;"städtisches Gebiet";Hintergrund;22;8
Hessen;DEHE013;"Kassel Mitte";"städtisches Gebiet";Hintergrund;20;7
Hessen;DEHE018;Raunheim;"städtisches Gebiet";Hintergrund;20;7
Hessen;DEHE020;Wetzlar;"städtisches Gebiet";Hintergrund;22;9
Hessen;DEHE022;"Wiesbaden Süd";"städtisches Gebiet";Hintergrund;19;6
Hessen;DEHE024;Witzenhausen/Wald;"ländliches Gebiet";Hintergrund;10;2
Hessen;DEHE028;Fürth/Odenwald;"ländliches Gebiet";Hintergrund;13;2
Hessen;DEHE030;Marburg;"städtisches Gebiet";Hintergrund;18;5
Hessen;DEHE032;Bebra;"städtisches Gebiet";Hintergrund;20;5
Hessen;DEHE043;Riedstadt;"ländlich stadtnah";Hintergrund;20;7
Hessen;DEHE044;Limburg;"städtisches Gebiet";Hintergrund;19;3
Hessen;DEHE045;Michelstadt;"städtisches Gebiet";Hintergrund;18;3
Hessen;DEHE046;"Bad Arolsen";"ländliches Gebiet";Hintergrund;16;5
Hessen;DEHE051;Wasserkuppe;"ländliches Gebiet";Hintergrund;9;0
Hessen;DEHE052;"Kleiner Feldberg";"ländliches Gebiet";Hintergrund;10;0
Hessen;DEHE058;Fulda-Mitte;"städtisches Gebiet";Hintergrund;18;5
Hessen;DEHE060;Kellerwald;"ländlich regional";Hintergrund;9;2
Hessen;DEHE095;"Wetzlar Im Köhlersgarten";"vorstädtisches Gebiet";Industrie;24;10
Hessen;DEHE037;"Wiesbaden Ringkirche";"städtisches Gebiet";Verkehr;22;8
Hessen;DEHE040;"Darmstadt Hügelstraße";"städtisches Gebiet";Verkehr;25;15
Hessen;DEHE041;"Frankfurt Friedberger Landstraße";"städtisches Gebiet";Verkehr;25;19
Hessen;DEHE049;"Kassel Fünffensterstraße";"städtisches Gebiet";Verkehr;26;13
Hessen;DEHE059;"Fulda Petersberger Straße";"städtisches Gebiet";Verkehr;23;12
Hessen;DEHE061;"Gießen Westanlage";"städtisches Gebiet";Verkehr;23;12
Hessen;DEHE062;"Marburg Universitätsstraße";"städtisches Gebiet";Verkehr;22;9
Hessen;DEHE063;"Heppenheim Lehrstraße";"städtisches Gebiet";Verkehr;22;10
Hessen;DEHE094;Reinheim;"städtisches Gebiet";Verkehr;23;13
Hessen;DEHE112;"Wiesbaden Schiersteiner Straße";"städtisches Gebiet";Verkehr;22;7
Mecklenburg-Vorpommern;DEMV004;Gülzow;"ländliches Gebiet";Hintergrund;17;10
Mecklenburg-Vorpommern;DEMV007;Rostock-Stuthof;"vorstädtisches Gebiet";Hintergrund;16;7
Mecklenburg-Vorpommern;DEMV012;Löcknitz;"ländliches Gebiet";Hintergrund;17;9
Mecklenburg-Vorpommern;DEMV017;Göhlen;"ländliches Gebiet";Hintergrund;17;4
Mecklenburg-Vorpommern;DEMV019;Güstrow;"städtisches Gebiet";Hintergrund;17;7
Mecklenburg-Vorpommern;DEMV021;Rostock-Warnemünde;"städtisches Gebiet";Hintergrund;16;6
Mecklenburg-Vorpommern;DEMV024;Leizen;"ländliches Gebiet";Hintergrund;15;8
Mecklenburg-Vorpommern;DEMV003;Neubrandenburg;"städtisches Gebiet";Verkehr;20;14
Mecklenburg-Vorpommern;DEMV020;"Rostock Am Strande";"städtisches Gebiet";Verkehr;26;15
Mecklenburg-Vorpommern;DEMV022;Rostock-Holbeinplatz;"städtisches Gebiet";Verkehr;22;11
Mecklenburg-Vorpommern;DEMV023;Schwerin-Obotritenring;"städtisches Gebiet";Verkehr;19;5
Mecklenburg-Vorpommern;DEMV025;Stralsund-Knieperdamm;"städtisches Gebiet";Verkehr;18;9
Niedersachsen;DENI011;Braunschweig;"vorstädtisches Gebiet";Hintergrund;18;7
Niedersachsen;DENI016;Oker/Harlingerode;"vorstädtisches Gebiet";Hintergrund;13;5
Niedersachsen;DENI020;Wolfsburg;"vorstädtisches Gebiet";Hintergrund;15;5
Niedersachsen;DENI028;Eichsfeld;"vorstädtisches Gebiet";Hintergrund;14;2
Niedersachsen;DENI029;Ostfriesland;"vorstädtisches Gebiet";Hintergrund;16;6
Niedersachsen;DENI031;Jadebusen;"ländliches Gebiet";Hintergrund;16;4
Niedersachsen;DENI038;Osnabrück;"städtisches Gebiet";Hintergrund;16;4
Niedersachsen;DENI041;Weserbergland;"vorstädtisches Gebiet";Hintergrund;18;6
Niedersachsen;DENI042;Göttingen;"vorstädtisches Gebiet";Hintergrund;13;2
Niedersachsen;DENI043;Emsland;"vorstädtisches Gebiet";Hintergrund;17;5
Niedersachsen;DENI051;Wurmberg;"ländliches Gebiet";Hintergrund;7;0
Niedersachsen;DENI052;Allertal;"vorstädtisches Gebiet";Hintergrund;18;6
Niedersachsen;DENI054;Hannover;"städtisches Gebiet";Hintergrund;16;3
Niedersachsen;DENI058;"Ostfries. Inseln";"ländliches Gebiet";Hintergrund;16;2
Niedersachsen;DENI059;Elbmündung;"ländliches Gebiet";Hintergrund;16;4
Niedersachsen;DENI060;Wendland;"ländliches Gebiet";Hintergrund;16;6
Niedersachsen;DENI062;"Lüneburger Heide";"vorstädtisches Gebiet";Hintergrund;15;5
Niedersachsen;DENI063;"Altes Land";"ländliches Gebiet";Hintergrund;16;4
Niedersachsen;DENI077;Solling-Süd;"ländliches Gebiet";Hintergrund;13;4
Niedersachsen;DENI053;Südoldenburg;"vorstädtisches Gebiet";Industrie;20;9
Niedersachsen;DENI070;Salzgitter-Drütte;"ländliches Gebiet";Industrie;18;9
Niedersachsen;DENI048;"Hannover Verkehr";"städtisches Gebiet";Verkehr;23;15
Niedersachsen;DENI067;Osnabrück-Verkehr;"städtisches Gebiet";Verkehr;25;17
Niedersachsen;DENI068;Göttingen-Verkehr;"städtisches Gebiet";Verkehr;23;13
Niedersachsen;DENI071;Barbis-Verkehr;"vorstädtisches Gebiet";Verkehr;19;7
Niedersachsen;DENI075;Braunschweig-Verkehr;"städtisches Gebiet";Verkehr;25;15
Niedersachsen;DENI076;"Oldenburg Verkehr";"städtisches Gebiet";Verkehr;19;7
Nordrhein-Westfalen;DENW002;Datteln-Hagem;"vorstädtisches Gebiet";Hintergrund;21;9
Nordrhein-Westfalen;DENW006;Lünen-Niederaden;"vorstädtisches Gebiet";Hintergrund;21;9
Nordrhein-Westfalen;DENW008;Dortmund-Eving;"städtisches Gebiet";Hintergrund;21;8
Nordrhein-Westfalen;DENW022;Gelsenkirchen-Bismarck;"vorstädtisches Gebiet";Hintergrund;23;24
Nordrhein-Westfalen;DENW024;Essen-Vogelheim;"städtisches Gebiet";Hintergrund;24;20
Nordrhein-Westfalen;DENW029;Hattingen-Blankenstein;"vorstädtisches Gebiet";Hintergrund;20;8
Nordrhein-Westfalen;DENW030;Wesel-Feldmark;"vorstädtisches Gebiet";Hintergrund;22;10
Nordrhein-Westfalen;DENW038;Mülheim-Styrum;"städtisches Gebiet";Hintergrund;22;16
Nordrhein-Westfalen;DENW040;Duisburg-Buchholz;"vorstädtisches Gebiet";Hintergrund;20;10
Nordrhein-Westfalen;DENW042;Krefeld-Linn;"städtisches Gebiet";Hintergrund;21;12
Nordrhein-Westfalen;DENW053;Köln-Chorweiler;"städtisches Gebiet";Hintergrund;20;16
Nordrhein-Westfalen;DENW059;Köln-Rodenkirchen;"vorstädtisches Gebiet";Hintergrund;20;11
Nordrhein-Westfalen;DENW062;Bonn-Auerberg;"vorstädtisches Gebiet";Hintergrund;20;12
Nordrhein-Westfalen;DENW064;"Simmerath (Eifel)";"ländlich regional";Hintergrund;11;2
Nordrhein-Westfalen;DENW065;"Netphen Rothaargebirge";"ländlich regional";Hintergrund;12;1
Nordrhein-Westfalen;DENW066;Nettetal-Kaldenkirchen;"ländlich stadtnah";Hintergrund;22;21
Nordrhein-Westfalen;DENW067;Bielefeld-Ost;"städtisches Gebiet";Hintergrund;20;10
Nordrhein-Westfalen;DENW068;Soest-Ost;"ländlich stadtnah";Hintergrund;18;5
Nordrhein-Westfalen;DENW071;Düsseldorf-Lörick;"städtisches Gebiet";Hintergrund;23;15
Nordrhein-Westfalen;DENW078;Ratingen-Tiefenbroich;"vorstädtisches Gebiet";Hintergrund;21;16
Nordrhein-Westfalen;DENW079;Leverkusen-Manfort;"vorstädtisches Gebiet";Hintergrund;20;12
Nordrhein-Westfalen;DENW080;Solingen-Wald;"vorstädtisches Gebiet";Hintergrund;19;11
Nordrhein-Westfalen;DENW081;Borken-Gemen;"ländlich stadtnah";Hintergrund;21;8
Nordrhein-Westfalen;DENW094;Aachen-Burtscheid;"städtisches Gebiet";Hintergrund;17;8
Nordrhein-Westfalen;DENW095;Münster-Geist;"städtisches Gebiet";Hintergrund;21;7
Nordrhein-Westfalen;DENW096;Mönchengladbach-Rheydt;"vorstädtisches Gebiet";Hintergrund;21;16
Nordrhein-Westfalen;DENW114;Wuppertal-Langerfeld;"städtisches Gebiet";Hintergrund;23;9
Nordrhein-Westfalen;DENW179;Schwerte;"städtisches Gebiet";Hintergrund;19;8
Nordrhein-Westfalen;DENW021;Bottrop-Welheim;"städtisches Gebiet";Industrie;25;26
Nordrhein-Westfalen;DENW034;Duisburg-Walsum;"städtisches Gebiet";Industrie;23;16
Nordrhein-Westfalen;DENW058;Hürth;"vorstädtisches Gebiet";Industrie;23;16
Nordrhein-Westfalen;DENW074;Niederzier;"ländlich stadtnah";Industrie;23;35
Nordrhein-Westfalen;DENW102;Duisburg-Bruckhausen;"städtisches Gebiet";Industrie;30;40
Nordrhein-Westfalen;DENW115;Krefeld-Stahldorf;"städtisches Gebiet";Industrie;24;18
Nordrhein-Westfalen;DENW116;"Krefeld (Hafen)";"vorstädtisches Gebiet";Industrie;32;35
Nordrhein-Westfalen;DENW117;Bochum-Stahlhausen;"städtisches Gebiet";Industrie;24;15
Nordrhein-Westfalen;DENW131;"Duisburg Kiebitzmühlenstraße";"städtisches Gebiet";Industrie;30;38
Nordrhein-Westfalen;DENW180;Grevenbroich-Gustorf;"vorstädtisches Gebiet";Industrie;25;26
Nordrhein-Westfalen;DENW181;Warstein;"städtisches Gebiet";Industrie;22;14
Nordrhein-Westfalen;DENW245;"Stolberg Heinrich-Böll-Platz";"städtisches Gebiet";Industrie;19;10
Nordrhein-Westfalen;DENW246;"Lünen Viktoriastraße";"städtisches Gebiet";Industrie;23;11
Nordrhein-Westfalen;DENW254;"Duisburg Bergstraße 48";"städtisches Gebiet";Industrie;25;20
Nordrhein-Westfalen;DENW301;"Mülheim Hofackerstraße 46-48";"städtisches Gebiet";Industrie;23;27
Nordrhein-Westfalen;DENW306;"Lünen Mühlenweg";"städtisches Gebiet";Industrie;28;34
Nordrhein-Westfalen;DENW307;"Kamp-Lintfort Eyller-Berg-Straße";"vorstädtisches Gebiet";Industrie;20;13
Nordrhein-Westfalen;DENW308;"Grevenbroich Josef-Lützkirchen-Straße";"städtisches Gebiet";Industrie;22;20
Nordrhein-Westfalen;DENW043;"Essen-Ost Steeler Straße";"städtisches Gebiet";Verkehr;25;12
Nordrhein-Westfalen;DENW082;"Düsseldorf Corneliusstraße";"städtisches Gebiet";Verkehr;28;25
Nordrhein-Westfalen;DENW100;"Mönchengladbach Düsseldorfer Straße";"städtisches Gebiet";Verkehr;20;18
Nordrhein-Westfalen;DENW101;"Dortmund Steinstraße";"städtisches Gebiet";Verkehr;24;17
Nordrhein-Westfalen;DENW112;"Duisburg Kardinal-Galen-Straße";"städtisches Gebiet";Verkehr;24;25
Nordrhein-Westfalen;DENW133;"Hagen Graf-von-Galen-Ring";"städtisches Gebiet";Verkehr;29;26
Nordrhein-Westfalen;DENW134;"Essen Gladbecker Straße";"städtisches Gebiet";Verkehr;28;34
Nordrhein-Westfalen;DENW136;"Dortmund Brackeler Straße";"städtisches Gebiet";Verkehr;28;32
Nordrhein-Westfalen;DENW186;"Bielefeld Stapenhorststraße 59";"städtisches Gebiet";Verkehr;24;12
Nordrhein-Westfalen;DENW188;"Oberhausen Mülheimer Straße 117";"städtisches Gebiet";Verkehr;30;37
Nordrhein-Westfalen;DENW189;"Wuppertal Gathe";"städtisches Gebiet";Verkehr;25;13
Nordrhein-Westfalen;DENW201;"Bottrop Peterstraße";"städtisches Gebiet";Verkehr;27;28
Nordrhein-Westfalen;DENW203;"Herne Recklinghauser Straße";"städtisches Gebiet";Verkehr;34;58
Nordrhein-Westfalen;DENW204;"Bochum Herner Straße";"städtisches Gebiet";Verkehr;27;20
Nordrhein-Westfalen;DENW207;"Aachen Wilhelmstraße";"städtisches Gebiet";Verkehr;27;32
Nordrhein-Westfalen;DENW208;"Gelsenkirchen Kurt-Schumacher-Straße";"städtisches Gebiet";Verkehr;33;51
Nordrhein-Westfalen;DENW211;"Köln Clevischer Ring";"städtisches Gebiet";Verkehr;30;27
Nordrhein-Westfalen;DENW212;"Köln Turiner Straße";"städtisches Gebiet";Verkehr;24;18
Nordrhein-Westfalen;DENW259;"Mönchengladbach Friedrich-Ebert-Straße";"städtisches Gebiet";Verkehr;27;28
Nordrhein-Westfalen;DENW260;"Münster Weseler Straße";"städtisches Gebiet";Verkehr;25;13
Nordrhein-Westfalen;DENW292;"Schwerte Hörder Straße";"städtisches Gebiet";Verkehr;28;24
Rheinland-Pfalz;DERP001;Ludwigshafen-Oppau;"städtisches Gebiet";Hintergrund;19;6
Rheinland-Pfalz;DERP007;Mainz-Mombach;"städtisches Gebiet";Hintergrund;17;3
Rheinland-Pfalz;DERP008;Mainz-Goetheplatz;"städtisches Gebiet";Hintergrund;19;6
Rheinland-Pfalz;DERP009;Mainz-Zitadelle;"städtisches Gebiet";Hintergrund;20;7
Rheinland-Pfalz;DERP013;Westpfalz-Waldmohr;"ländliches Gebiet";Hintergrund;13;1
Rheinland-Pfalz;DERP014;Hunsrück-Leisel;"ländliches Gebiet";Hintergrund;10;0
Rheinland-Pfalz;DERP015;"Westeifel Wascheid";"ländliches Gebiet";Hintergrund;10;0
Rheinland-Pfalz;DERP017;Pfälzerwald-Hortenkopf;"ländliches Gebiet";Hintergrund;12;3
Rheinland-Pfalz;DERP021;Neuwied-Hafenstraße;"städtisches Gebiet";Hintergrund;19;9
Rheinland-Pfalz;DERP022;"Bad Kreuznach-Bosenheimer Straße";"städtisches Gebiet";Hintergrund;16;4
Rheinland-Pfalz;DERP025;Wörth-Marktplatz;"städtisches Gebiet";Hintergrund;18;9
Rheinland-Pfalz;DERP042;"Pirmasens Schäferstr.";"städtisches Gebiet";Hintergrund;18;8
Rheinland-Pfalz;DERP003;Ludwigshafen-Mundenheim;"städtisches Gebiet";Industrie;22;11
Rheinland-Pfalz;DERP044;"Krautscheid / Seifen";"ländliches Gebiet";Industrie;16;9
Rheinland-Pfalz;DERP047;Trier-Pfalzel;"vorstädtisches Gebiet";Industrie;18;4
Rheinland-Pfalz;DERP010;Mainz-Parcusstraße;"städtisches Gebiet";Verkehr;23;9
Rheinland-Pfalz;DERP011;Mainz-Rheinallee;"städtisches Gebiet";Verkehr;21;10
Rheinland-Pfalz;DERP020;Trier-Ostallee;"städtisches Gebiet";Verkehr;20;8
Rheinland-Pfalz;DERP023;Worms-Hagenstraße;"städtisches Gebiet";Verkehr;22;13
Rheinland-Pfalz;DERP035;Kaiserslautern-Marienplatz;"städtisches Gebiet";Verkehr;18;5
Rheinland-Pfalz;DERP041;Ludwigshafen-Heinigstraße;"städtisches Gebiet";Verkehr;23;14
Rheinland-Pfalz;DERP045;"Koblenz-Hohenfelder Straße";"städtisches Gebiet";Verkehr;21;9
Saarland;DESL010;Saarbrücken-Burbach;"städtisches Gebiet";Hintergrund;18;6
Saarland;DESL012;Saarbrücken-City;"städtisches Gebiet";Hintergrund;20;6
Saarland;DESL013;Saarlouis-Fraulautern;"vorstädtisches Gebiet";Hintergrund;20;10
Saarland;DESL017;"Völklingen-City Stadionstr.";"städtisches Gebiet";Hintergrund;17;3
Saarland;DESL019;Biringen;"ländlich regional";Hintergrund;14;2
Saarland;DESL003;"Dillingen City";"städtisches Gebiet";Industrie;19;6
Saarland;DESL020;Saarbrücken-Verkehr;"städtisches Gebiet";Verkehr;22;11
Sachsen;DESN001;Annaberg-Buchholz;"städtisches Gebiet";Hintergrund;19;11
Sachsen;DESN004;Bautzen;"städtisches Gebiet";Hintergrund;20;14
Sachsen;DESN011;Chemnitz-Mitte;"städtisches Gebiet";Hintergrund;19;11
Sachsen;DESN017;Freiberg;"städtisches Gebiet";Hintergrund;21;15
Sachsen;DESN019;Glauchau;"städtisches Gebiet";Hintergrund;21;12
Sachsen;DESN024;Klingenthal;"städtisches Gebiet";Hintergrund;16;6
Sachsen;DESN045;Zittau-Ost;"vorstädtisches Gebiet";Hintergrund;23;26
Sachsen;DESN049;Carlsfeld;"ländlich abgelegen";Hintergrund;11;1
Sachsen;DESN051;Radebeul-Wahnsdorf;"ländlich stadtnah";Hintergrund;19;13
Sachsen;DESN059;Leipzig-West;"vorstädtisches Gebiet";Hintergrund;19;13
Sachsen;DESN074;Schwartenberg;"ländlich regional";Hintergrund;14;2
Sachsen;DESN076;Collmberg;"ländlich abgelegen";Hintergrund;16;8
Sachsen;DESN079;Niesky;"ländlich regional";Hintergrund;18;17
Sachsen;DESN092;Dresden-Winckelmannstr.;"städtisches Gebiet";Hintergrund;20;13
Sachsen;DESN093;Brockau;"ländlich regional";Hintergrund;16;12
Sachsen;DESN006;Borna;"städtisches Gebiet";Verkehr;23;19
Sachsen;DESN020;Görlitz;"städtisches Gebiet";Verkehr;26;29
Sachsen;DESN025;Leipzig-Mitte;"städtisches Gebiet";Verkehr;30;39
Sachsen;DESN061;Dresden-Nord;"städtisches Gebiet";Verkehr;26;21
Sachsen;DESN075;Plauen-Süd;"städtisches Gebiet";Verkehr;19;12
Sachsen;DESN077;"Leipzig Lützner Str.";"städtisches Gebiet";Verkehr;29;37
Sachsen;DESN083;"Chemnitz-Leipziger Str.";"städtisches Gebiet";Verkehr;28;28
Sachsen;DESN084;Dresden-Bergstr.;"städtisches Gebiet";Verkehr;28;22
Sachsen;DESN091;"Zwickau-Werdauer Str.";"städtisches Gebiet";Verkehr;22;21
Sachsen-Anhalt;DEST002;Burg;"vorstädtisches Gebiet";Hintergrund;18;7
Sachsen-Anhalt;DEST011;Wernigerode/Bahnhof;"städtisches Gebiet";Hintergrund;21;8
Sachsen-Anhalt;DEST028;Zeitz;"städtisches Gebiet";Hintergrund;18;11
Sachsen-Anhalt;DEST029;Bernburg;"vorstädtisches Gebiet";Hintergrund;20;11
Sachsen-Anhalt;DEST044;Halberstadt;"städtisches Gebiet";Hintergrund;18;9
Sachsen-Anhalt;DEST050;Halle/Nord;"städtisches Gebiet";Hintergrund;20;10
Sachsen-Anhalt;DEST066;Wittenberg/Bahnstrasse;"städtisches Gebiet";Hintergrund;20;5
Sachsen-Anhalt;DEST077;Magdeburg/West;"städtisches Gebiet";Hintergrund;19;5
Sachsen-Anhalt;DEST089;Zartau/Waldstation;"ländlich regional";Hintergrund;14;4
Sachsen-Anhalt;DEST098;"Unterharz / Friedrichsbrunn";"ländlich regional";Hintergrund;16;2
Sachsen-Anhalt;DEST104;"Domäne Bobbe";"ländliches Gebiet";Hintergrund;17;10
Sachsen-Anhalt;DEST105;"Stendal Stadtsee";"städtisches Gebiet";Hintergrund;17;7
Sachsen-Anhalt;DEST015;Bitterfeld/Wolfen;"vorstädtisches Gebiet";Industrie;19;9
Sachsen-Anhalt;DEST068;Pouch;"ländlich stadtnah";Industrie;18;7
Sachsen-Anhalt;DEST090;Leuna;"vorstädtisches Gebiet";Industrie;19;10
Sachsen-Anhalt;DEST097;"Hettstedt Industrie";"vorstädtisches Gebiet";Industrie;16;6
Sachsen-Anhalt;DEST075;"Halle/Merseburger Strasse";"städtisches Gebiet";Verkehr;22;16
Sachsen-Anhalt;DEST076;Magdeburg/Damaschkeplatz;"städtisches Gebiet";Verkehr;24;20
Sachsen-Anhalt;DEST091;"Dessau Albrechtsplatz";"städtisches Gebiet";Verkehr;21;9
Sachsen-Anhalt;DEST092;"Wittenberg/Dessauer Strasse";"städtisches Gebiet";Verkehr;24;18
Sachsen-Anhalt;DEST095;Aschersleben;"städtisches Gebiet";Verkehr;24;22
Sachsen-Anhalt;DEST099;Magdeburg/Reuterallee;"städtisches Gebiet";Verkehr;25;19
Sachsen-Anhalt;DEST101;Halberstadt/Friedenstrasse;"städtisches Gebiet";Verkehr;25;20
Sachsen-Anhalt;DEST102;Halle/Paracelsusstr.;"städtisches Gebiet";Verkehr;29;30
Sachsen-Anhalt;DEST103;"Magdeburg Schleinufer";"städtisches Gebiet";Verkehr;26;23
Sachsen-Anhalt;DEST108;"Weißenfels/Am Krug";"städtisches Gebiet";Verkehr;18;8
Schleswig-Holstein;DESH008;Bornhöved;"ländlich regional";Hintergrund;17;5
Schleswig-Holstein;DESH023;"Lübeck-St. Jürgen";"städtisches Gebiet";Hintergrund;18;6
Schleswig-Holstein;DESH033;Kiel-Max-Planck-Str.;"städtisches Gebiet";Hintergrund;18;5
Schleswig-Holstein;DESH035;"Brunsbüttel-Cuxhavener Straße";"städtisches Gebiet";Hintergrund;21;8
Schleswig-Holstein;DESH022;Flensburg;"städtisches Gebiet";Verkehr;21;8
Schleswig-Holstein;DESH025;"Itzehoe Lindenstr.";"städtisches Gebiet";Verkehr;21;7
Schleswig-Holstein;DESH026;"Lübeck Gr. Burgstr.";"städtisches Gebiet";Verkehr;20;6
Schleswig-Holstein;DESH027;"Kiel-Bahnhofstr. Verk.";"städtisches Gebiet";Verkehr;20;4
Schleswig-Holstein;DESH028;Ratzeburg;"städtisches Gebiet";Verkehr;21;5
Thüringen;DETH005;Saalfeld;"städtisches Gebiet";Hintergrund;18;11
Thüringen;DETH009;"Gera Friedericistr.";"städtisches Gebiet";Hintergrund;22;16
Thüringen;DETH011;"Altenburg Theaterplatz";"städtisches Gebiet";Hintergrund;20;16
Thüringen;DETH013;"Eisenach Werneburgstr.";"städtisches Gebiet";Hintergrund;17;11
Thüringen;DETH018;Nordhausen;"städtisches Gebiet";Hintergrund;19;7
Thüringen;DETH020;"Erfurt Krämpferstr.";"städtisches Gebiet";Hintergrund;19;13
Thüringen;DETH026;Dreißigacker;"ländlich regional";Hintergrund;15;2
Thüringen;DETH027;Neuhaus;"ländlich abgelegen";Hintergrund;12;1
Thüringen;DETH036;"Greiz Mollbergstr.";"städtisches Gebiet";Hintergrund;19;14
Thüringen;DETH041;"Jena Dammstr.";"städtisches Gebiet";Hintergrund;21;17
Thüringen;DETH042;Possen;"ländlich abgelegen";Hintergrund;13;2
Thüringen;DETH060;Zella-Mehlis;"städtisches Gebiet";Hintergrund;17;4
Thüringen;DETH061;Hummelshain;"ländlich abgelegen";Hintergrund;13;2
Thüringen;DETH093;"Weimar Schwanseestr.";"städtisches Gebiet";Hintergrund;18;11
Thüringen;DETH095;"Mühlhausen Bastmarkt";"städtisches Gebiet";Hintergrund;21;14
Thüringen;DETH096;"Sömmerda Wielandstr.";"vorstädtisches Gebiet";Hintergrund;15;5
Thüringen;DETH043;"Erfurt Bergstr.";"städtisches Gebiet";Verkehr;26;22
Thüringen;DETH072;"Suhl F.-König-Str";"städtisches Gebiet";Verkehr;18;2
Thüringen;DETH083;"Weimar Steubenstr.";"städtisches Gebiet";Verkehr;26;23
Thüringen;DETH084;"Weimar K.-Liebknecht-Str.";"städtisches Gebiet";Verkehr;23;22
Thüringen;DETH091;"Mühlhausen Wanfrieder Str";"städtisches Gebiet";Verkehr;29;42
Thüringen;DETH094;"Mühlhausen Kiliansgr.";"städtisches Gebiet";Verkehr;24;21
UBA;DEUB001;Westerland;"ländliches Gebiet";Hintergrund;18;3
UBA;DEUB004;Schauinsland;"ländlich regional";Hintergrund;9;0
UBA;DEUB005;Waldhof;"ländliches Gebiet";Hintergrund;15;4
UBA;DEUB028;Zingst;"ländliches Gebiet";Hintergrund;14;6
UBA;DEUB029;Schmücke;"ländliches Gebiet";Hintergrund;10;1
UBA;DEUB030;Neuglobsow;"ländlich regional";Hintergrund;14;5

"* Nach § 20 bzw. § 21 der Richtlinie 2008/50/EG können Überschreitungen des PM₁₀-Tagesmittelgrenzwertes aufgrund von natürlichen Quellen bzw. Streusand oder -salz im Winterdienst abgezogen werden."

"Quelle: Umweltbundesamt, https://www.umweltbundesamt.de/daten/luft/luftdaten/jahresbilanzen (Stand: 14.10.2013). Alle Uhrzeiten sind in der jeweils zum Messzeitpunkt gültigen Zeit (MEZ bzw. MESZ) angegeben."
